n�ringsgren SNI69,1974M01,1974M02,1974M03,1974M04,1974M05,1974M06,1974M07,1974M08,1974M09,1974M10,1974M11,1974M12,1975M01,1975M02,1975M03,1975M04,1975M05,1975M06,1975M07,1975M08,1975M09,1975M10,1975M11,1975M12,1976M01,1976M02,1976M03,1976M04,1976M05,1976M06,1976M07,1976M08,1976M09,1976M10,1976M11,1976M12,1977M01,1977M02,1977M03,1977M04,1977M05,1977M06,1977M07,1977M08,1977M09,1977M10,1977M11,1977M12,1978M01,1978M02,1978M03,1978M04,1978M05,1978M06,1978M07,1978M08,1978M09,1978M10,1978M11,1978M12,1979M01,1979M02,1979M03,1979M04,1979M05,1979M06,1979M07,1979M08,1979M09,1979M10,1979M11,1979M12,1980M01,1980M02,1980M03,1980M04,1980M05,1980M06,1980M07,1980M08,1980M09,1980M10,1980M11,1980M12,1981M01,1981M02,1981M03,1981M04,1981M05,1981M06,1981M07,1981M08,1981M09,1981M10,1981M11,1981M12,1982M01,1982M02,1982M03,1982M04,1982M05,1982M06,1982M07,1982M08,1982M09,1982M10,1982M11,1982M12,1983M01,1983M02,1983M03,1983M04,1983M05,1983M06,1983M07,1983M08,1983M09,1983M10,1983M11,1983M12,1984M01,1984M02,1984M03,1984M04,1984M05,1984M06,1984M07,1984M08,1984M09,1984M10,1984M11,1984M12,1985M01,1985M02,1985M03,1985M04,1985M05,1985M06,1985M07,1985M08,1985M09,1985M10,1985M11,1985M12,1986M01,1986M02,1986M03,1986M04,1986M05,1986M06,1986M07,1986M08,1986M09,1986M10,1986M11,1986M12,1987M01,1987M02,1987M03,1987M04,1987M05,1987M06,1987M07,1987M08,1987M09,1987M10,1987M11,1987M12,1988M01,1988M02,1988M03,1988M04,1988M05,1988M06,1988M07,1988M08,1988M09,1988M10,1988M11,1988M12,1989M01,1989M02,1989M03,1989M04,1989M05,1989M06,1989M07,1989M08,1989M09,1989M10,1989M11,1989M12
"gruvor o mineralbrott,tillverkn ind",3368,3154,3479,3189,3373,2940,2571,3324,3417,3662,3606,3278,3559,3318,3379,3388,3134,2978,2139,3193,3222,3398,3350,3107,3377,3356,3684,3176,3381,3095,2120,3377,3468,3554,3561,3384,3385,3309,3649,3020,3143,3033,1872,3221,3345,3387,3402,3289,3463,3285,3346,3304,3208,3018,1780,3321,3429,3601,3633,3416,3706,3478,3788,3298,3502,2997,2092,3541,3475,3806,3731,3406,3784,3661,3839,3346,2626,3042,2373,3415,3492,3700,3493,3314,3512,3434,3742,3279,3365,2947,2260,3325,3533,3652,3638,3462,3487,3364,3694,3272,3335,3162,2180,3140,3375,3433,3524,3402,3498,3445,3877,3354,3561,3402,2301,3555,3771,3871,3991,3821,4005,4004,4237,3698,3877,3441,2684,3880,3879,4275,4239,3997,4381,3994,4333,3917,3949,3688,2951,4039,4188,4523,4466,4068,4329,4106,4189,4255,4035,3835,2950,3946,4098,4371,4190,4234,4329,4177,4518,4049,4208,3953,3195,4255,4430,4704,4682,4462,4629,4703,5095,4506,4501,4361,3273,4457,4543,..,..,..,..,..,4853,4648,4558,4390,3331,4557,4642,4796,4779,4635
ej branschf�rdelad tillverkningsindustri,126,119,129,124,125,112,72,125,131,143,140,123,117,113,107,115,97,95,48,102,107,112,108,102,114,116,134,113,111,111,53,114,120,123,133,123,121,123,134,114,109,110,55,112,117,118,123,122,125,118,125,117,105,107,69,111,116,122,122,120,139,130,138,117,117,109,62,123,116,135,135,118,129,127,125,113,95,104,62,107,118,127,120,113,137,144,149,132,121,120,72,124,136,140,142,144,143,148,159,138,127,135,83,132,142,142,158,156,137,139,155,135,131,133,73,134,143,146,158,156,174,174,181,155,158,142,89,157,154,175,176,154,212,199,215,201,185,173,114,181,199,222,218,197,209,200,193,205,182,179,128,177,198,208,190,198,188,184,203,176,168,172,112,179,195,204,203,193,233,257,283,234,226,221,131,217,236,243,263,248,210,211,229,211,203,203,127,203,217,235,234,222
summa branschf�rdelat enl industristatistiken,3242,3035,3350,3065,3248,2828,2499,3199,3286,3519,3466,3155,3442,3205,3272,3273,3037,2883,2091,3091,3115,3286,3242,3005,3263,3240,3550,3063,3270,2984,2067,3263,3348,3431,3428,3261,3264,3186,3515,2906,3034,2923,1817,3109,3228,3269,3279,3117,3338,3167,3221,3187,3103,2911,1711,3210,3313,3479,3511,3296,3567,3348,3650,3181,3385,2888,2030,3418,3359,3671,3596,3288,3655,3534,3714,3233,2531,2938,2311,3308,3374,3573,3373,3201,3375,3290,3593,3147,3244,2827,2188,3201,3397,3512,3496,3318,3344,3216,3535,3134,3208,3027,2097,3008,3233,3291,3366,3246,3361,3306,3722,3219,3430,3269,2228,3421,3628,3725,3833,3665,3831,3830,4056,3543,3719,3299,2595,3723,3725,4100,4063,3843,4166,3795,4118,3716,3764,3515,2837,3858,3989,4301,4248,3871,4120,3906,3996,4050,3853,3656,2822,3769,3900,4163,4000,4036,4141,3993,4315,3873,4040,3781,3083,4076,4235,4500,4479,4269,4396,4446,4812,4272,4275,4140,3142,4240,4307,4540,4569,4400,4498,4306,4624,4437,4355,4187,3204,4354,4425,4561,4545,4413
gruvor o mineralbrott,183,175,199,188,188,170,130,190,186,210,204,199,206,187,204,201,192,178,143,185,183,211,210,209,213,216,232,213,214,192,155,186,195,227,217,239,208,211,230,202,197,177,76,180,186,184,198,200,202,180,181,164,159,134,58,122,165,176,177,177,193,173,191,181,192,167,101,179,187,205,217,201,208,209,211,186,170,175,127,163,169,190,167,175,183,182,197,179,166,138,71,130,165,174,191,198,196,185,191,162,182,145,71,119,149,148,160,173,181,170,179,157,171,142,84,163,170,178,197,201,192,191,202,180,178,156,113,159,159,198,204,204,225,214,221,205,204,175,139,176,196,214,224,227,240,219,218,230,197,182,153,158,203,215,214,222,240,216,235,218,210,189,140,194,197,216,225,235,225,221,236,206,198,180,134,182,183,204,218,229,213,192,214,191,192,175,126,176,191,207,197,222
malmgruvor,..,..,..,..,..,..,..,..,..,..,..,..,..,..,..,..,..,..,..,..,..,..,..,..,..,..,..,..,..,..,..,..,..,..,..,..,..,..,..,..,..,..,..,..,..,..,..,..,..,..,..,..,..,..,..,..,..,..,..,..,..,..,..,..,..,..,..,..,..,..,..,..,..,..,..,..,..,..,..,..,..,..,..,..,..,..,..,..,..,..,..,..,..,..,..,..,..,..,..,..,..,..,..,..,..,..,..,..,..,..,..,..,..,..,..,..,..,..,..,..,..,..,..,..,..,..,..,..,..,..,..,..,..,..,..,..,..,..,..,..,..,..,..,..,..,..,..,..,..,..,..,..,..,..,..,..,..,..,..,..,..,..,..,..,..,..,..,..,218,214,227,198,192,173,130,176,177,196,210,221,206,185,206,184,185,169,123,170,184,200,189,214
j�rnmalmsgruvor,132,127,144,136,132,122,99,136,134,149,148,139,147,133,147,140,138,125,110,131,127,149,150,150,153,154,162,150,153,138,124,128,136,162,152,176,140,148,163,142,134,117,40,125,126,122,132,134,135,117,115,102,98,79,26,62,102,110,111,114,125,113,126,119,127,109,66,117,128,139,150,137,144,144,145,123,123,120,97,107,109,122,102,107,116,116,121,105,108,76,25,67,97,99,115,116,120,111,111,85,115,79,24,57,81,78,84,92,99,88,89,83,93,73,35,93,91,95,108,111,103,104,110,100,100,83,62,88,86,115,117,118,134,126,133,123,125,105,91,104,119,130,134,131,142,128,126,138,115,108,98,101,120,129,127,129,149,131,144,138,133,119,91,123,124,135,143,149,141,139,150,126,124,117,89,116,114,127,138,149,138,125,139,121,124,116,83,114,122,137,123,140
tillverkningsindustri,..,..,..,..,..,..,..,..,..,..,..,..,..,..,..,..,..,..,..,..,..,..,..,..,..,..,..,..,..,..,..,..,..,..,..,..,..,..,..,..,..,..,..,..,..,..,..,..,..,..,..,..,..,..,..,..,..,..,..,..,..,..,..,..,..,..,..,..,..,..,..,..,..,..,..,..,..,..,..,..,..,..,..,..,..,..,..,..,..,..,..,..,..,..,..,..,..,..,..,..,..,..,..,..,..,..,..,..,..,..,..,..,..,..,..,..,..,..,..,..,..,..,..,..,..,..,..,..,..,..,..,..,..,..,..,..,..,..,..,..,..,..,..,..,..,..,..,..,..,..,..,..,..,..,..,..,..,..,..,..,..,..,..,..,..,..,..,..,4171,4225,4576,4066,4077,3960,3008,4058,4124,4336,4351,4171,4285,4114,4410,4246,4163,4012,3078,4178,4234,4354,4348,4191
"livsmedels-,dryckesvaru- o tobaksind",93,86,96,93,99,88,86,104,115,134,130,107,102,96,95,105,97,98,90,108,122,141,129,108,104,103,114,105,105,102,91,119,130,140,144,125,106,107,119,105,107,113,94,118,137,142,145,130,114,108,116,111,113,114,96,129,135,152,150,132,124,115,124,114,123,113,108,130,140,160,151,124,128,126,126,121,114,120,115,128,139,165,151,143,126,126,137,127,123,118,117,139,144,167,157,150,129,127,140,128,123,133,118,143,146,151,168,153,140,138,155,139,141,145,126,162,155,167,169,150,157,155,165,153,157,148,133,174,159,182,176,152,169,154,162,156,155,147,150,172,175,217,203,170,179,165,160,179,170,164,164,177,180,215,194,199,168,162,179,160,167,169,176,196,214,244,228,190,187,197,211,191,193,180,169,198,200,212,206,175,180,190,217,207,216,213,187,230,233,262,239,213
livsmedelsindustri,..,..,..,..,..,..,..,..,..,..,..,..,..,..,..,..,..,..,..,..,..,..,..,..,..,..,..,..,..,..,..,..,..,..,..,..,..,..,..,..,..,..,..,..,..,..,..,..,..,..,..,..,..,..,..,..,..,..,..,..,..,..,..,..,..,..,..,..,..,..,..,..,..,..,..,..,..,..,..,..,..,..,..,..,..,..,..,..,..,..,..,..,..,..,..,..,..,..,..,..,..,..,..,..,..,..,..,..,..,..,..,..,..,..,..,..,..,..,..,..,..,..,..,..,..,..,..,..,..,..,..,..,..,..,..,..,..,..,..,..,..,..,..,..,..,..,..,..,..,..,..,..,..,..,..,..,..,..,..,..,..,..,..,..,..,..,..,..,167,176,187,171,174,162,153,180,183,195,189,159,161,167,192,185,195,194,172,211,211,236,219,192
dryckesvaruindustri,..,..,..,..,..,..,..,..,..,..,..,..,..,..,..,..,..,..,..,..,..,..,..,..,..,..,..,..,..,..,..,..,..,..,..,..,..,..,..,..,..,..,..,..,..,..,..,..,..,..,..,..,..,..,..,..,..,..,..,..,..,..,..,..,..,..,..,..,..,..,..,..,..,..,..,..,..,..,..,..,..,..,..,..,..,..,..,..,..,..,..,..,..,..,..,..,..,..,..,..,..,..,..,..,..,..,..,..,..,..,..,..,..,..,..,..,..,..,..,..,..,..,..,..,..,..,..,..,..,..,..,..,..,..,..,..,..,..,..,..,..,..,..,..,..,..,..,..,..,..,..,..,..,..,..,..,..,..,..,..,..,..,..,..,..,..,..,..,18,19,22,18,17,16,14,16,15,15,15,14,17,21,23,20,19,17,14,17,20,24,18,19
tobaksindustri,..,..,..,..,..,..,..,..,..,..,..,..,..,..,..,..,..,..,..,..,..,..,..,..,..,..,..,..,..,..,..,..,..,..,..,..,..,..,..,..,..,..,..,..,..,..,..,..,..,..,..,..,..,..,..,..,..,..,..,..,..,..,..,..,..,..,..,..,..,..,..,..,..,..,..,..,..,..,..,..,..,..,..,..,..,..,..,..,..,..,..,..,..,..,..,..,..,..,..,..,..,..,..,..,..,..,..,..,..,..,..,..,..,..,..,..,..,..,..,..,..,..,..,..,..,..,..,..,..,..,..,..,..,..,..,..,..,..,..,..,..,..,..,..,..,..,..,..,..,..,..,..,..,..,..,..,..,..,..,..,..,..,..,..,..,..,..,..,2,2,2,2,2,2,2,2,2,2,2,2,2,2,2,2,2,2,1,2,2,2,2,2
"textil-,bekl�dnads-,l�derind",36,33,35,33,33,29,13,35,35,38,36,31,35,33,33,35,29,31,12,30,33,35,34,32,37,34,38,32,31,34,13,31,34,35,36,36,39,37,40,33,31,32,12,33,34,34,37,36,37,36,37,33,30,31,11,34,34,36,37,33,33,31,34,27,27,26,11,29,28,33,34,27,32,34,31,28,21,26,12,26,30,31,30,26,31,31,32,29,26,26,12,26,30,31,31,30,30,32,34,29,26,29,9,28,30,31,32,31,30,32,36,30,29,30,9,31,32,33,36,35,35,37,38,30,32,26,10,31,29,34,35,32,42,37,39,36,34,32,12,34,37,40,40,32,39,38,36,40,34,35,13,32,36,38,35,35,27,28,29,25,24,25,9,28,30,32,33,26,38,42,48,40,37,38,14,37,38,41,41,34,36,36,37,35,30,34,15,33,39,39,38,32
tr�varuindustri,121,113,124,111,110,89,49,93,109,120,118,104,120,113,115,117,95,93,41,94,107,117,114,116,122,129,142,117,114,106,40,108,118,127,139,137,138,138,146,125,119,114,41,119,128,126,132,135,147,142,145,135,123,120,42,122,131,139,142,137,156,143,154,130,133,116,48,130,127,146,148,138,161,154,156,134,102,123,55,120,137,148,144,135,140,141,155,132,123,119,53,111,127,133,137,137,132,136,148,128,120,125,52,112,128,132,142,143,140,143,158,134,133,134,51,124,141,143,158,155,161,162,173,143,146,133,58,137,141,161,163,141,173,162,168,154,146,140,68,137,151,170,172,154,166,166,157,167,144,148,67,134,157,166,156,159,164,170,180,159,151,154,66,141,162,172,174,170,193,212,233,192,185,187,73,173,194,197,215,208,184,178,192,177,165,170,70,153,172,185,194,181
"s�gverk,hyvlerier,tr�impregn verk",..,..,..,..,..,..,..,..,..,..,..,..,..,..,..,..,..,..,..,..,..,..,..,..,..,..,..,..,..,..,..,..,..,..,..,..,..,..,..,..,..,..,..,..,..,..,..,..,..,..,..,..,..,..,..,..,..,..,..,..,..,..,..,..,..,..,..,..,..,..,..,..,..,..,..,..,..,..,..,..,..,..,..,..,..,..,..,..,..,..,..,..,..,..,..,..,..,..,..,..,..,..,..,..,..,..,..,..,..,..,..,..,..,..,..,..,..,..,..,..,..,..,..,..,..,..,..,..,..,..,..,..,..,..,..,..,..,..,..,..,..,..,..,..,..,..,..,..,..,..,..,..,..,..,..,..,..,..,..,..,..,..,..,..,..,..,..,..,109,119,131,109,105,105,44,89,105,107,117,115,103,102,111,102,94,97,41,81,95,103,106,103
"massa-,pappers-,grafisk ind",1139,1058,1182,1040,1158,988,1092,1158,1150,1209,1198,1086,1201,1107,1088,1076,1027,913,785,1076,1050,1070,1101,947,1095,1105,1199,930,1161,976,818,1182,1154,1162,1158,1011,1122,1086,1200,925,1069,1021,770,1161,1167,1175,1154,1004,1189,1153,1104,1212,1169,1037,691,1241,1234,1304,1289,1170,1309,1231,1360,1153,1264,1008,932,1286,1262,1333,1310,1177,1313,1282,1368,1144,869,1015,1012,1281,1270,1298,1226,1129,1263,1206,1336,1131,1282,983,953,1246,1302,1301,1270,1126,1245,1158,1263,1099,1191,1054,891,1066,1148,1171,1229,1100,1272,1232,1381,1144,1305,1210,937,1262,1367,1379,1406,1285,1398,1432,1523,1288,1415,1202,1189,1443,1433,1529,1520,1464,1506,1337,1520,1276,1393,1296,1267,1542,1547,1597,1545,1385,1463,1410,1471,1457,1492,1393,1251,1470,1422,1536,1519,1524,1563,1505,1634,1422,1630,1454,1463,1639,1637,1741,1719,1556,1695,1686,1794,1630,1690,1611,1475,1710,1694,1765,1719,1622,1699,1663,1770,1791,1741,1642,1574,1776,1748,1718,1730,1666
"massa-,pappers- o pappersvaruind",..,..,..,..,..,..,..,..,..,..,..,..,..,..,..,..,..,..,..,..,..,..,..,..,..,..,..,..,..,..,..,..,..,..,..,..,..,..,..,..,..,..,..,..,..,..,..,..,..,..,..,..,..,..,..,..,..,..,..,..,..,..,..,..,..,..,..,..,..,..,..,..,..,..,..,..,..,..,..,..,..,..,..,..,..,..,..,..,..,..,..,..,..,..,..,..,..,..,..,..,..,..,..,..,..,..,..,..,..,..,..,..,..,..,..,..,..,..,..,..,..,..,..,..,..,..,..,..,..,..,..,..,..,..,..,..,..,..,..,..,..,..,..,..,..,..,..,..,..,..,..,..,..,..,..,..,..,..,..,..,..,..,..,..,..,..,..,..,1663,1649,1751,1594,1654,1575,1446,1673,1657,1727,1682,1586,1665,1627,1732,1755,1706,1607,1546,1740,1711,1679,1692,1630
massaindustri,..,..,..,..,..,..,..,..,..,..,..,..,..,..,..,..,..,..,..,..,..,..,..,..,..,..,..,..,..,..,..,..,..,..,..,..,..,..,..,..,..,..,..,..,..,..,..,..,..,..,..,..,..,..,..,..,..,..,..,..,..,..,..,..,..,..,..,..,..,..,..,..,..,..,..,..,..,..,..,..,..,..,..,..,..,..,..,..,..,..,..,..,..,..,..,..,..,..,..,..,..,..,..,..,..,..,..,..,..,..,..,..,..,..,..,..,..,..,..,..,..,..,..,..,..,..,..,..,..,..,..,..,..,..,..,..,..,..,..,..,..,..,..,..,..,..,..,..,..,..,..,..,..,..,..,..,..,..,..,..,..,..,..,..,..,..,..,..,376,364,391,350,361,343,295,356,352,360,381,380,383,356,381,372,359,338,306,338,351,347,340,374
"mekanisk-, halvkemisk massaindustri",75,73,78,68,77,65,68,75,74,83,80,67,76,71,64,54,49,43,14,56,49,48,49,37,47,46,54,44,57,42,18,50,42,56,53,49,49,48,63,34,38,46,24,41,44,49,50,36,52,51,52,46,55,49,23,54,57,64,63,51,62,59,71,55,65,43,32,76,66,77,77,64,78,77,77,61,47,47,41,61,56,56,52,43,45,47,51,39,52,43,15,43,54,54,52,52,52,48,53,38,48,46,27,38,53,55,55,47,56,56,59,50,56,49,39,46,56,56,56,51,58,56,60,49,61,44,51,47,58,58,58,49,57,52,54,54,57,46,43,58,57,60,57,51,63,57,55,62,57,55,29,51,64,66,64,57,60,58,59,45,55,46,26,44,59,62,58,55,58,59,60,52,55,54,35,46,63,62,65,56,60,58,56,60,53,54,39,37,59,51,59,53
sulfat- och sulfitmassaindustri,345,300,338,316,318,283,315,320,312,326,322,314,356,318,328,314,314,259,285,318,304,308,309,302,316,314,327,272,301,286,270,317,305,300,294,284,298,295,297,234,283,273,232,311,286,287,268,290,312,297,282,314,287,259,165,325,319,324,329,315,360,316,345,295,295,265,247,307,294,312,314,299,313,310,326,264,206,256,243,304,296,298,288,285,296,285,313,272,287,241,247,287,309,289,288,277,297,272,277,269,268,247,198,201,255,238,280,278,302,276,315,256,292,281,228,288,305,301,318,322,316,304,318,288,282,278,264,309,296,310,299,316,303,268,297,256,269,254,241,265,273,288,277,287,291,267,286,255,279,245,230,277,270,288,287,296,318,304,327,308,320,294,290,301,312,319,317,342,318,305,331,298,306,289,260,310,289,298,316,324,324,299,326,311,307,286,268,302,293,297,282,322
pappers- o pappindustri,646,617,690,589,687,577,654,691,690,720,720,639,703,654,632,635,600,546,447,636,618,632,675,534,658,673,741,544,731,582,481,743,732,734,736,603,700,672,761,592,680,636,475,740,763,764,759,612,746,732,700,779,760,664,470,785,786,845,816,733,807,785,864,735,830,638,618,828,830,863,840,745,842,816,884,744,557,647,687,842,842,865,812,732,845,797,888,753,870,637,647,842,863,885,854,727,820,763,851,721,808,692,627,757,765,805,815,702,832,817,916,763,878,801,623,847,922,936,943,830,932,987,1057,873,991,805,826,995,991,1065,1066,1012,1053,934,1080,882,986,915,938,1116,1120,1146,1112,954,1008,993,1041,1042,1067,1002,942,1050,997,1083,1080,1081,1083,1038,1139,972,1160,1024,1091,1198,1171,1253,1241,1063,1227,1221,1294,1188,1237,1176,1126,1265,1245,1311,1243,1153,1225,1218,1298,1328,1293,1213,1218,1351,1303,1275,1295,1206
tr�fiberplattindustri,42,40,45,38,46,35,30,41,41,44,42,35,38,36,36,35,36,33,15,39,40,39,35,35,37,37,41,33,40,32,19,38,40,38,41,36,37,35,37,30,33,29,13,32,38,38,38,29,37,34,32,36,31,29,8,38,33,32,39,31,37,31,36,30,36,25,6,34,33,36,35,31,34,34,34,30,23,25,7,30,31,33,33,25,29,29,32,21,29,18,7,29,27,23,25,20,28,27,29,24,23,22,4,24,24,24,27,23,26,29,29,24,25,25,9,25,24,27,28,24,27,25,26,23,25,18,4,32,34,34,34,31,24,22,26,22,23,26,6,45,40,38,35,30,28,26,24,31,30,31,7,32,26,27,26,27,29,32,30,25,28,24,8,24,21,30,29,24,33,32,30,24,25,23,8,23,27,24,25,22,25,24,23,23,22,21,4,22,23,22,24,20
"grafisk produktion, f�rlagsverksamh",..,..,..,..,..,..,..,..,..,..,..,..,..,..,..,..,..,..,..,..,..,..,..,..,..,..,..,..,..,..,..,..,..,..,..,..,..,..,..,..,..,..,..,..,..,..,..,..,..,..,..,..,..,..,..,..,..,..,..,..,..,..,..,..,..,..,..,..,..,..,..,..,..,..,..,..,..,..,..,..,..,..,..,..,..,..,..,..,..,..,..,..,..,..,..,..,..,..,..,..,..,..,..,..,..,..,..,..,..,..,..,..,..,..,..,..,..,..,..,..,..,..,..,..,..,..,..,..,..,..,..,..,..,..,..,..,..,..,..,..,..,..,..,..,..,..,..,..,..,..,..,..,..,..,..,..,..,..,..,..,..,..,..,..,..,..,..,..,32,37,43,36,36,36,29,37,37,38,37,36,34,36,38,36,35,35,28,36,37,39,38,36
kemisk industri m m,477,454,484,478,481,445,429,491,487,518,502,476,500,462,493,483,459,457,381,474,452,481,474,490,498,484,522,500,478,488,396,480,489,505,479,494,454,450,488,439,437,417,320,432,454,454,440,456,473,436,468,424,457,446,298,449,473,475,478,481,490,462,504,457,455,420,323,469,458,499,480,491,520,486,528,460,356,423,355,464,449,498,475,460,466,449,482,421,415,419,363,440,436,461,481,470,453,441,482,441,450,428,350,442,439,445,449,472,492,470,537,472,494,491,407,507,520,539,538,530,543,536,577,541,525,520,426,533,529,586,567,572,581,532,584,560,545,512,466,545,556,605,600,601,593,560,588,560,563,548,460,572,572,611,588,605,613,590,628,598,586,587,508,617,622,647,633,647,646,638,694,636,620,619,507,646,611,639,651,646,645,609,669,618,620,602,487,613,620,630,618,650
"kemikalie-,g�dselmedels-,plastind",..,..,..,..,..,..,..,..,..,..,..,..,..,..,..,..,..,..,..,..,..,..,..,..,..,..,..,..,..,..,..,..,..,..,..,..,..,..,..,..,..,..,..,..,..,..,..,..,..,..,..,..,..,..,..,..,..,..,..,..,..,..,..,..,..,..,..,..,..,..,..,..,..,..,..,..,..,..,..,..,..,..,..,..,..,..,..,..,..,..,..,..,..,..,..,..,..,..,..,..,..,..,..,..,..,..,..,..,..,..,..,..,..,..,..,..,..,..,..,..,..,..,..,..,..,..,..,..,..,..,..,..,..,..,..,..,..,..,..,..,..,..,..,..,..,..,..,..,..,..,..,..,..,..,..,..,..,..,..,..,..,..,..,..,..,..,..,..,467,453,493,461,455,443,396,468,452,461,458,474,467,434,485,445,460,436,386,443,444,443,434,476
annan kemisk industri,..,..,..,..,..,..,..,..,..,..,..,..,..,..,..,..,..,..,..,..,..,..,..,..,..,..,..,..,..,..,..,..,..,..,..,..,..,..,..,..,..,..,..,..,..,..,..,..,..,..,..,..,..,..,..,..,..,..,..,..,..,..,..,..,..,..,..,..,..,..,..,..,..,..,..,..,..,..,..,..,..,..,..,..,..,..,..,..,..,..,..,..,..,..,..,..,..,..,..,..,..,..,..,..,..,..,..,..,..,..,..,..,..,..,..,..,..,..,..,..,..,..,..,..,..,..,..,..,..,..,..,..,..,..,..,..,..,..,..,..,..,..,..,..,..,..,..,..,..,..,..,..,..,..,..,..,..,..,..,..,..,..,..,..,..,..,..,..,48,54,59,50,48,47,29,50,52,53,55,52,50,48,49,47,45,48,30,47,47,50,51,50
petroleumraffinaderier,..,..,..,..,..,..,..,..,..,..,..,..,..,..,..,..,..,..,..,..,..,..,..,..,..,..,..,..,..,..,..,..,..,..,..,..,..,..,..,..,..,..,..,..,..,..,..,..,..,..,..,..,..,..,..,..,..,..,..,..,..,..,..,..,..,..,..,..,..,..,..,..,..,..,..,..,..,..,..,..,..,..,..,..,..,..,..,..,..,..,..,..,..,..,..,..,..,..,..,..,..,..,..,..,..,..,..,..,..,..,..,..,..,..,..,..,..,..,..,..,..,..,..,..,..,..,..,..,..,..,..,..,..,..,..,..,..,..,..,..,..,..,..,..,..,..,..,..,..,..,..,..,..,..,..,..,..,..,..,..,..,..,..,..,..,..,..,..,54,44,45,48,47,56,51,52,25,41,52,45,46,41,45,42,39,40,35,39,45,46,43,47
"sm�rjmedels-,asfalt- o kolprod ind",..,..,..,..,..,..,..,..,..,..,..,..,..,..,..,..,..,..,..,..,..,..,..,..,..,..,..,..,..,..,..,..,..,..,..,..,..,..,..,..,..,..,..,..,..,..,..,..,..,..,..,..,..,..,..,..,..,..,..,..,..,..,..,..,..,..,..,..,..,..,..,..,..,..,..,..,..,..,..,..,..,..,..,..,..,..,..,..,..,..,..,..,..,..,..,..,..,..,..,..,..,..,..,..,..,..,..,..,..,..,..,..,..,..,..,..,..,..,..,..,..,..,..,..,..,..,..,..,..,..,..,..,..,..,..,..,..,..,..,..,..,..,..,..,..,..,..,..,..,..,..,..,..,..,..,..,..,..,..,..,..,..,..,..,..,..,..,..,9,9,11,8,9,8,7,8,8,9,9,10,9,8,9,8,8,8,5,9,8,9,9,9
gummivaruindustri,..,..,..,..,..,..,..,..,..,..,..,..,..,..,..,..,..,..,..,..,..,..,..,..,..,..,..,..,..,..,..,..,..,..,..,..,..,..,..,..,..,..,..,..,..,..,..,..,..,..,..,..,..,..,..,..,..,..,..,..,..,..,..,..,..,..,..,..,..,..,..,..,..,..,..,..,..,..,..,..,..,..,..,..,..,..,..,..,..,..,..,..,..,..,..,..,..,..,..,..,..,..,..,..,..,..,..,..,..,..,..,..,..,..,..,..,..,..,..,..,..,..,..,..,..,..,..,..,..,..,..,..,..,..,..,..,..,..,..,..,..,..,..,..,..,..,..,..,..,..,..,..,..,..,..,..,..,..,..,..,..,..,..,..,..,..,..,..,31,35,38,30,23,25,8,27,30,31,31,23,27,31,31,29,24,25,10,26,27,30,30,25
plastvaruindustri,..,..,..,..,..,..,..,..,..,..,..,..,..,..,..,..,..,..,..,..,..,..,..,..,..,..,..,..,..,..,..,..,..,..,..,..,..,..,..,..,..,..,..,..,..,..,..,..,..,..,..,..,..,..,..,..,..,..,..,..,..,..,..,..,..,..,..,..,..,..,..,..,..,..,..,..,..,..,..,..,..,..,..,..,..,..,..,..,..,..,..,..,..,..,..,..,..,..,..,..,..,..,..,..,..,..,..,..,..,..,..,..,..,..,..,..,..,..,..,..,..,..,..,..,..,..,..,..,..,..,..,..,..,..,..,..,..,..,..,..,..,..,..,..,..,..,..,..,..,..,..,..,..,..,..,..,..,..,..,..,..,..,..,..,..,..,..,..,37,43,48,39,38,40,16,41,44,44,46,42,46,47,50,47,44,45,21,49,49,52,51,43
jord- o stenvaruindustri,103,97,111,110,110,103,77,103,109,115,110,106,106,97,113,115,99,98,70,99,100,111,103,100,99,100,112,98,96,88,64,92,103,114,111,111,101,97,108,93,90,93,60,92,100,100,101,101,102,98,101,97,99,92,44,96,98,101,103,101,103,95,97,94,103,98,50,99,101,116,114,107,108,105,115,106,85,99,79,104,104,106,104,103,102,94,102,99,93,90,66,100,105,105,105,106,94,96,106,105,102,98,54,95,109,107,106,103,96,99,109,96,98,94,63,101,105,107,112,108,98,103,112,100,106,93,59,100,108,113,109,105,104,107,109,107,105,99,64,103,103,116,115,105,111,99,108,107,100,93,66,95,104,116,106,106,113,109,124,115,113,108,67,108,112,126,125,123,112,105,118,109,105,107,71,99,115,118,122,118,113,108,120,117,115,107,70,113,110,125,126,116
"tegel-,cement- o a mineralvaruind",..,..,..,..,..,..,..,..,..,..,..,..,..,..,..,..,..,..,..,..,..,..,..,..,..,..,..,..,..,..,..,..,..,..,..,..,..,..,..,..,..,..,..,..,..,..,..,..,..,..,..,..,..,..,..,..,..,..,..,..,..,..,..,..,..,..,..,..,..,..,..,..,..,..,..,..,..,..,..,..,..,..,..,..,..,..,..,..,..,..,..,..,..,..,..,..,..,..,..,..,..,..,..,..,..,..,..,..,..,..,..,..,..,..,..,..,..,..,..,..,..,..,..,..,..,..,..,..,..,..,..,..,..,..,..,..,..,..,..,..,..,..,..,..,..,..,..,..,..,..,..,..,..,..,..,..,..,..,..,..,..,..,..,..,..,..,..,..,84,80,90,81,78,80,55,73,84,84,91,88,81,80,88,86,83,75,53,82,79,91,91,85
cementindustri,31,31,35,38,38,38,33,34,34,39,35,37,32,29,34,37,30,34,30,31,36,36,34,33,28,28,33,30,26,26,22,30,35,36,33,31,26,26,30,25,26,29,23,27,28,29,29,29,23,23,22,23,25,22,12,25,25,26,27,26,20,20,19,22,26,26,13,22,26,32,30,30,24,19,21,21,17,28,27,26,27,23,27,28,23,19,23,25,22,22,23,26,26,18,24,22,20,20,22,26,26,24,14,22,26,26,22,25,21,21,25,16,23,20,20,24,24,26,28,27,19,22,24,22,26,20,17,22,25,27,24,24,15,22,22,24,23,22,21,23,20,23,25,24,21,15,23,23,23,20,20,17,18,27,25,22,20,18,24,25,27,24,22,23,22,29,29,30,22,19,26,23,22,26,23,23,26,25,25,28,22,21,26,25,24,19,22,23,23,29,28,25
"j�rn-,st�l- o metallverk",727,676,750,670,719,600,459,663,715,742,752,695,763,714,740,726,692,658,395,664,671,694,685,632,695,667,738,672,700,634,314,674,711,699,699,685,674,636,722,590,618,580,281,594,617,643,645,635,639,599,637,614,601,567,299,631,639,663,691,644,680,650,704,620,678,558,272,670,650,704,664,629,717,692,714,651,496,575,348,628,648,674,638,617,635,617,671,607,634,549,344,613,651,679,662,639,624,589,676,608,623,596,343,600,634,650,599,593,559,556,643,607,640,604,349,642,666,689,699,689,713,685,709,640,683,602,369,664,682,741,726,690,752,676,728,671,678,648,391,643,682,734,732,660,711,656,684,695,649,595,353,625,656,656,627,604,670,635,685,628,658,584,355,645,682,708,728,713,719,708,764,681,692,663,388,655,674,735,725,735,775,708,742,687,712,666,358,679,699,735,730,708
"j�rn-,st�l- o ferrolegeringsverk",..,..,..,..,..,..,..,..,..,..,..,..,..,..,..,..,..,..,..,..,..,..,..,..,..,..,..,..,..,..,..,..,..,..,..,..,..,..,..,..,..,..,..,..,..,..,..,..,..,..,..,..,..,..,..,..,..,..,..,..,..,..,..,..,..,..,..,..,..,..,..,..,..,..,..,..,..,..,..,..,..,..,..,..,..,..,..,..,..,..,..,..,..,..,..,..,..,..,..,..,..,..,..,..,..,..,..,..,..,..,..,..,..,..,..,..,..,..,..,..,..,..,..,..,..,..,..,..,..,..,..,..,..,..,..,..,..,..,..,..,..,..,..,..,..,..,..,..,..,..,..,..,..,..,..,..,..,..,..,..,..,..,..,..,..,..,..,..,488,481,521,456,463,436,186,433,461,505,493,493,524,482,506,458,476,436,169,454,470,498,493,468
"j�rn- och st�lverk, j�rngjuterier",424,404,445,380,423,327,188,387,436,438,443,395,446,412,417,419,384,383,151,389,398,414,410,365,396,382,437,383,398,351,126,390,398,403,416,366,376,363,409,309,336,307,85,330,342,349,368,335,367,345,349,346,337,310,79,358,363,381,390,347,389,373,408,340,373,296,90,364,372,401,391,345,420,410,423,364,259,321,115,360,375,393,379,352,342,351,398,330,353,284,103,343,373,388,382,368,382,374,423,359,359,335,98,333,367,367,339,320,312,335,392,354,356,323,92,357,377,391,406,388,411,398,421,367,397,326,115,367,387,433,423,374,441,395,426,379,383,365,119,346,389,426,430,367,417,377,390,403,372,333,112,362,392,409,378,354,403,382,417,363,391,322,125,368,406,424,424,393,401,399,435,372,390,357,124,352,371,418,405,393,427,404,430,403,380,354,110,361,384,409,403,365
ferrolegeringsverk,109,92,106,103,101,90,100,86,99,109,117,110,125,121,128,124,118,98,78,85,104,108,105,81,115,104,105,104,104,99,14,98,117,99,95,118,102,95,115,98,99,90,26,70,87,102,95,99,80,74,84,75,84,63,53,84,84,89,112,97,96,88,94,87,112,78,67,108,92,91,80,86,101,87,97,94,61,74,63,75,86,83,68,76,102,83,81,89,98,81,68,85,95,98,88,77,46,36,49,55,78,73,75,83,80,83,69,73,46,33,41,58,88,85,78,89,87,89,89,92,88,82,71,71,84,77,75,90,91,97,92,103,102,89,90,86,91,90,94,99,101,99,95,80,74,81,83,90,89,81,81,82,81,60,71,62,65,62,61,66,71,66,59,69,60,52,78,83,87,82,86,84,73,79,62,81,90,87,88,100,97,78,76,55,96,82,59,93,86,89,90,103
ickej�rnmetallverk,194,180,199,187,195,183,171,190,180,195,192,190,192,181,195,183,190,177,166,190,169,172,170,186,184,181,196,185,198,184,174,186,196,197,188,201,196,178,198,183,183,183,170,194,188,192,182,201,192,180,204,193,180,194,167,189,192,193,189,200,195,189,202,193,193,184,115,198,186,212,193,198,196,195,194,193,176,180,170,193,187,198,191,189,191,183,192,188,183,184,173,185,183,193,192,194,196,179,204,194,186,188,170,184,187,200,191,200,201,188,210,195,196,196,179,196,202,209,204,209,214,205,217,202,202,199,179,207,204,211,211,213,220,202,222,214,213,202,182,207,201,217,215,220,228,207,219,211,196,188,164,189,191,194,186,196,202,191,207,199,196,196,171,208,216,232,226,237,231,227,243,225,229,227,202,222,213,230,232,242,251,226,236,229,236,230,189,225,229,237,237,240
verkstadsindustri,360,341,366,339,348,314,163,359,377,430,413,348,406,394,388,412,344,354,173,358,394,423,389,368,397,399,449,392,368,361,175,388,410,418,442,420,418,421,458,391,363,373,162,377,402,408,423,417,432,412,428,394,349,367,171,382,400,429,440,417,475,444,478,402,407,379,184,422,402,471,474,391,465,443,461,400,315,378,207,390,424,459,435,410,425,440,477,418,378,382,208,393,434,458,459,459,437,448,491,431,388,416,208,400,446,452,477,473,447,462,519,437,416,416,201,426,468,486,514,508,531,526,554,465,474,416,237,479,482,552,559,480,610,572,583,548,501,463,278,503,538,604,612,534,614,589,570,611,500,494,293,502,566,606,557,578,580,575,618,545,498,508,297,505,575,610,610,605,576,631,708,582,550,550,309,535,592,623,666,628,648,618,658,610,561,574,315,577,609,656,668,621
metallvaruindustri,94,91,98,90,98,86,39,99,104,115,112,93,100,95,95,102,85,87,36,85,94,104,95,92,95,94,110,96,93,86,41,95,101,101,107,101,103,102,112,96,88,92,33,93,97,97,100,97,103,100,102,94,85,89,31,92,96,103,104,98,109,102,109,93,94,90,34,101,93,110,108,89,114,112,112,100,85,92,40,93,105,114,106,95,103,107,115,99,92,90,38,93,106,112,110,112,107,110,119,105,92,102,35,98,107,108,115,110,112,118,128,108,102,104,40,105,116,120,129,127,135,135,141,117,119,103,48,117,119,138,141,120,150,141,142,132,118,110,51,115,124,141,145,124,147,143,138,152,120,117,55,114,136,147,131,136,140,139,150,129,119,121,57,117,135,141,144,141,129,144,157,126,121,119,54,116,129,139,152,140,162,155,166,152,135,142,58,143,150,163,170,154
maskinindustri,113,104,112,104,104,94,47,106,112,128,122,102,125,121,116,126,101,108,44,108,118,126,116,107,120,119,133,115,110,109,45,116,122,122,133,121,123,127,138,116,111,112,46,113,123,124,128,126,130,119,125,115,103,105,45,111,117,127,130,121,146,136,146,120,124,113,52,130,125,143,146,119,127,123,123,107,80,102,53,103,113,124,120,113,114,117,127,111,97,99,52,100,113,117,118,119,109,112,123,107,98,104,53,101,114,116,121,122,114,118,133,112,105,105,47,104,117,122,131,124,137,135,141,118,118,104,57,118,121,138,144,125,154,145,147,135,122,112,62,119,133,150,152,134,155,151,142,153,124,122,71,126,142,153,142,152,143,143,155,133,122,122,72,123,140,147,153,149,150,166,184,149,136,136,72,132,145,154,166,155,157,153,163,146,133,136,75,129,140,161,164,152
elektroindustri,59,57,60,58,59,53,30,62,61,72,68,58,67,64,66,69,62,61,41,62,69,70,68,65,66,67,74,68,63,63,38,68,72,74,76,75,71,72,79,69,62,66,31,68,68,68,71,71,72,69,73,69,65,67,30,70,70,73,76,73,83,79,87,76,77,72,43,77,73,82,85,70,86,76,91,71,58,75,50,73,80,85,78,76,76,79,87,77,73,75,52,74,78,83,84,83,79,80,91,82,75,80,50,74,84,85,88,86,81,82,92,77,75,76,45,79,83,88,87,87,92,90,96,82,84,77,48,89,88,100,99,89,114,104,107,102,97,92,66,99,103,114,118,103,111,106,105,109,92,90,63,90,101,105,96,104,101,105,110,100,90,94,65,89,104,112,111,108,105,116,129,106,102,102,64,98,110,113,119,111,105,101,107,104,100,98,65,102,107,113,108,101
transportmedelsindustri,..,..,..,..,..,..,..,..,..,..,..,..,..,..,..,..,..,..,..,..,..,..,..,..,..,..,..,..,..,..,..,..,..,..,..,..,..,..,..,..,..,..,..,..,..,..,..,..,..,..,..,..,..,..,..,..,..,..,..,..,..,..,..,..,..,..,..,..,..,..,..,..,..,..,..,..,..,..,..,..,..,..,..,..,..,..,..,..,..,..,..,..,..,..,..,..,..,..,..,..,..,..,..,..,..,..,..,..,..,..,..,..,..,..,..,..,..,..,..,..,..,..,..,..,..,..,..,..,..,..,..,..,..,..,..,..,..,..,..,..,..,..,..,..,..,..,..,..,..,..,..,..,..,..,..,..,..,..,..,..,..,..,..,..,..,..,..,..,183,194,226,192,181,183,112,178,197,207,218,21,212,199,210,198,183,187,109,192,201,207,214,203
"skeppsvarv,b�tbyggerier",25,24,24,21,21,18,12,20,24,29,28,26,31,30,29,30,23,22,14,23,26,29,30,29,30,34,37,30,25,23,14,24,29,32,34,34,33,32,34,28,24,23,13,23,25,28,29,31,35,34,34,29,24,22,13,24,27,29,31,30,32,29,30,24,22,19,12,19,19,27,26,23,26,22,26,22,17,18,12,22,21,24,26,26,24,24,26,21,18,17,11,17,20,22,28,24,28,27,27,23,19,18,12,17,19,22,25,26,24,24,27,21,19,18,12,17,21,21,23,26,24,23,25,19,19,15,10,17,18,21,21,18,24,24,24,24,20,15,12,17,19,21,23,19,21,18,18,16,11,11,10,11,9,11,14,15,18,16,18,14,11,10,8,9,12,13,13,16,12,13,14,12,10,8,6,8,9,11,13,13,..,..,..,..,..,..,..,..,..,..,..,..
"ind f�r instrument,foto,optik,ur",..,..,..,..,..,..,..,..,..,..,..,..,..,..,..,..,..,..,..,..,..,..,..,..,..,..,..,..,..,..,..,..,..,..,..,..,..,..,..,..,..,..,..,..,..,..,..,..,..,..,..,..,..,..,..,..,..,..,..,..,..,..,..,..,..,..,..,..,..,..,..,..,..,..,..,..,..,..,..,..,..,..,..,..,..,..,..,..,..,..,..,..,..,..,..,..,..,..,..,..,..,..,..,..,..,..,..,..,..,..,..,..,..,..,..,..,..,..,..,..,..,..,..,..,..,..,..,..,..,..,..,..,..,..,..,..,..,..,..,..,..,..,..,..,..,..,..,..,..,..,..,..,..,..,..,..,..,..,..,..,..,..,..,..,..,..,..,..,9,11,12,9,10,10,7,11,11,10,11,11,12,10,12,10,10,11,8,11,11,12,12,11
verkstadsindustri exkl varv,69,65,72,66,66,63,35,72,76,86,83,69,83,84,82,85,73,76,38,80,87,94,80,75,86,85,95,83,77,80,37,85,86,89,92,89,88,88,95,82,78,80,39,83,89,91,95,92,92,90,94,87,72,84,52,85,90,97,99,95,105,98,106,89,90,85,43,95,92,109,109,90,112,110,109,100,75,91,52,99,105,112,105,100,108,113,122,110,98,101,55,109,117,124,119,121,114,119,131,114,104,112,58,110,122,121,128,129,116,120,139,119,115,113,57,121,131,135,144,144,143,143,151,129,134,117,74,138,136,155,154,128,168,158,163,155,144,134,87,153,159,178,174,154,180,171,167,181,153,154,94,161,178,190,174,171,178,172,185,169,156,161,95,167,184,197,189,191,178,190,222,188,180,183,110,178,197,203,216,209,..,..,..,..,..,..,..,..,..,..,..,..
annan tillverkn industri,3,2,3,3,2,2,1,3,3,3,3,3,3,2,3,3,3,3,1,3,3,3,3,3,3,3,4,4,3,3,1,3,4,4,3,3,4,3,4,3,3,3,1,3,3,3,4,3,3,3,4,3,3,3,1,4,4,4,4,4,4,4,4,3,3,3,1,4,4,4,4,3,3,3,4,3,3,4,1,4,4,4,3,3,4,4,4,4,4,3,1,3,3,3,3,3,4,4,4,3,3,3,1,3,4,4,4,5,4,4,5,3,3,3,1,3,4,4,4,4,3,3,3,3,3,3,1,3,3,4,4,3,4,4,4,3,3,3,2,3,4,4,5,3,4,4,4,4,4,4,2,4,4,4,4,4,3,3,3,3,3,3,2,3,4,4,4,4,5,6,6,5,5,5,2,5,6,6,6,5,5,4,5,4,3,4,2,4,4,4,5,4
